{"cameraMode":{"drawMode":0,"name":"Shaded","section":"Shading Mode"},"sceneLighting":true,"audioPlay":false,"sceneViewState":{"m_AlwaysRefresh":false,"showFog":true,"showSkybox":true,"showFlares":true,"showImageEffects":true,"showParticleSystems":true,"showVisualEffectGraphs":true,"m_FxEnabled":true},"in2DMode":false,"pivot":{"x":387.4652099609375,"y":218.61802673339845,"z":-339.34173583984377},"rotation":{"x":0.01980823650956154,"y":-0.0030042361468076708,"z":0.00005956388486083597,"w":0.9998026490211487},"size":27.420303344726564,"orthographic":false}