{"cameraMode":{"drawMode":0,"name":"Shaded","section":"Shading Mode"},"sceneLighting":true,"audioPlay":false,"sceneViewState":{"m_AlwaysRefresh":false,"showFog":true,"showSkybox":true,"showFlares":true,"showImageEffects":true,"showParticleSystems":true,"showVisualEffectGraphs":true,"m_FxEnabled":true},"in2DMode":false,"pivot":{"x":386.48370361328127,"y":215.66354370117188,"z":-339.5535583496094},"rotation":{"x":0.046789247542619708,"y":-0.011991423554718495,"z":0.0005617623100988567,"w":0.9988359212875366},"size":36.16941452026367,"orthographic":false}